Arrow of God,Achebe Chinua
Things Fall Apart,Achebe Chinua
Blood and Guts in High School,Acker Kathy
Hawksmoor,Ackroyd Peter
The House of Doctor Dee,Ackroyd Peter
The Lambs of London,Ackroyd Peter
Dirk Gently’s Holistic Detective Agency,Adams Douglas
Hitchhiker’s Guide to the Galaxy,Adams Douglas
The Long Dark Teatime of the Soul,Adams Douglas
Half of a Yellow Sun,Adichie Chimamanda Ngozi
The White Tiger,Adiga Aravind
Aesop’s Fables,Aesopus
Novel With Cocaine,Ageyev M.
In The Heart of the Seas,Agnon Shmuel Yosef
The Regent's Wife,Alas Leopoldo
Little Women,Alcott Louisa May
Broad and Alien is the World,Alegria Ciro
The Man With the Golden Arm,Algren Nelson
Fantômas,Allain Marcel
The House of the Spirits,Allende Isabel
Of Love and Shadows,Allende Isabel
Tent of Miracles,Amado Jorge
"Gabriela, Clove and Cinnamon",Amado Jorge
Cause for Alarm,Ambler Eric
Lucky Jim,Amis Kingsley
The Old Devils,Amis Kingsley
The Green Man,Amis Kingsley
London Fields,Amis Martin
Money: A Suicide Note,Amis Martin
Dead Babies,Amis Martin
The Information,Amis Martin
Time’s Arrow,Amis Martin
I'm Not Scared,Ammaniti Niccolo
Untouchable,Anand Mulk Raj
The Commandant,Anderson Jessica
The Bridge on the Drina,Andri Ivo
Bosnian Chronicle,Andri Ivo
Ashes and Diamonds,Andrzejewski Jerzy
I Know Why the Caged Bird Sings,Angelou Maya
The Thousand and One Nights,Anonymous
The Tale of the Bamboo Cutter,Anonymous
The Life of Lazarillo de Tormes,Anonymous
Fado Alexandrino,Antunes Antonio Lobo
The Golden Ass,Apuleius Lucius
The Bells of Basel,Aragon Louis
Memoirs of Martinus Scriblerus,Arbuthnot John
Before Night Falls,Arenas Reinaldo
Deep Rivers,Arguedas José María
The Twilight Years,Ariyoshi Sawako
The Green Hat,Arlen Michael
Foundation,Asimov Isaac
"I, Robot",Asimov Isaac
Alias Grace,Atwood Margaret
Surfacing,Atwood Margaret
The Handmaid’s Tale,Atwood Margaret
Cat’s Eye,Atwood Margaret
The Blind Assassin,Atwood Margaret
The Robber Bride,Atwood Margaret
Obabakoak,Atxaga Bernardo
Emma,Austen Jane
Mansfield Park,Austen Jane
Pride and Prejudice,Austen Jane
Sense and Sensibility,Austen Jane
Northanger Abbey,Austen Jane
Persuasion,Austen Jane
Moon Palace,Auster Paul
The New York Trilogy,Auster Paul
Mr. Vertigo,Auster Paul
The Book of Illusions,Auster Paul
Timbuktu,Auster Paul
The Music of Chance,Auster Paul
Invisible,Auster Paul
The Underdogs,Azuela Mariano
So Long a Letter,Ba Mariama
Giovanni’s Room,Baldwin James
Go Tell It on the Mountain,Baldwin James
Crash,Ballard J.G.
Empire of the Sun,Ballard J.G.
Cocaine Nights,Ballard J.G.
High Rise,Ballard J.G.
Super-Cannes,Ballard J.G.
The Atrocity Exhibition,Ballard J.G.
The Drowned World,Ballard J.G.
Eugénie Grandet,Balzac Honoré de
Le Père Goriot,Balzac Honoré de
Lost Illusions,Balzac Honoré de
The Crow Road,Banks Iain
The Wasp Factory,Banks Iain
Complicity,Banks Iain
Dead Air,Banks Iain
The Player of Games,Banks Iain M.
Cloudsplitter,Banks Russell
Shroud,Banville John
The Book of Evidence,Banville John
The Newton Letter,Banville John
The Untouchable,Banville John
The Sea,Banville John
Elegance of the Hedgehog,Barbery Muriel
The Inferno,Barbusse Henri
Under Fire,Barbusse Henri
Silk,Baricco Alessandro
Regeneration,Barker Pat
Another World,Barker Pat
The Ghost Road,Barker Pat
Nightwood,Barnes Djuna
Flaubert’s Parrot,Barnes Julian
The Sense of an Ending,Barnes Julian
Giles Goat-Boy,Barth John
The Floating Opera,Barth John
The End of the Road,Barth John
The Dead Father,Barthelme Donald
Amateurs,Barthelme Donald
"Come Back, Dr. Caligari",Barthelme Donald
Alamut,Bartol Vladimir
The Garden of the Finzi-Continis,Bassani Giorgio
Blue of Noon,Bataille Georges
Story of the Eye,Bataille Georges
The Abbot C,Bataille Georges
The Manors of Ulloa,Bazan Emilia Pardo
The Mandarins,Beauvoir Simone de
Jacob the Liar,Becker Jurek
Malone Dies,Beckett Samuel
Molloy,Beckett Samuel
Murphy,Beckett Samuel
How It Is,Beckett Samuel
Mercier and Camier,Beckett Samuel
The Unnamable,Beckett Samuel
Watt,Beckett Samuel
Worstward Ho,Beckett Samuel
Vathek,Beckford William Thomas
Uncle Tom’s Cabin,Beecher Stowe Harriet
Borstal Boy,Behan Brendan
Oroonoko,Behn Aphra
Dangling Man,Bellow Saul
Herzog,Bellow Saul
Humboldt’s Gift,Bellow Saul
Henderson the Rain King,Bellow Saul
Seize the Day,Bellow Saul
The Adventures of Augie March,Bellow Saul
The Victim,Bellow Saul
The Old Wives’ Tale,Bennett Arnold
G,Berger John
Under Satan's Sun,Bernanos Georges
Correction,Bernhard Thomas
Extinction,Bernhard Thomas
Wittgenstein’s Nephew,Bernhard Thomas
Concrete,Bernhard Thomas
Old Masters,Bernhard Thomas
Yes,Bernhard Thomas
Captain Corelli’s Mandolin,Bernières Louis de
Señor Vivo and the Coca Lord,Bernières Louis de
Death Sentence,Blanchot Maurice
Savage Detectives,Bolano Roberto
Billiards at Half-Past Nine,Böll Heinrich
Group Portrait With Lady,Böll Heinrich
The Lost Honor of Katharina Blum,Böll Heinrich
The Safety Net,Böll Heinrich
Labyrinths,Borges Jorge Luis
Ficciones,Borges Jorge Luis
"This Way for the Gas, Ladies and Gentlemen",Borowski Tadeusz
Eva Trout,Bowen Elizabeth
The Heat of the Day,Bowen Elizabeth
To the North,Bowen Elizabeth
A World of Love,Bowen Elizabeth
The House in Paris,Bowen Elizabeth
The Last September,Bowen Elizabeth
World’s End,Boyle T. Coraghessan
Drop City,Boyle T. Coraghessan
In Watermelon Sugar,Brautigan Richard
Willard and His Bowling Trophies,Brautigan Richard
Threepenny Novel,Brecht Bertolt
Arcanum 17,Breton André
Nadja,Breton André
A Dry White Season,Brink Andre
Testament of Youth,Brittain Vera
The Death of Virgil,Broch Hermann
The Guiltless,Broch Hermann
The Tenant of Wildfell Hall,Brontë Anne
Agnes Grey,Brontë Anne
Jane Eyre,Brontë Charlotte
Shirley,Brontë Charlotte
Villette,Brontë Charlotte
Wuthering Heights,Brontë Emily
The Thirty-Nine Steps,Buchan John
The Master and Margarita,Bulgakov Mikhail
The Pilgrim’s Progress,Bunyan John
A Clockwork Orange,Burgess Anthony
Inside Mr. Enderby,Burgess Anthony
Camilla,Burney Fanny
Evelina,Burney Fanny
Cecilia,Burney Fanny
Junkie,Burroughs William
Naked Lunch,Burroughs William
Queer,Burroughs William
The Wild Boys,Burroughs William
Erewhon,Butler Samuel
The Way of All Flesh,Butler Samuel
The Tartar Steppe,Buzzati Dino
The Virgin in the Garden,Byatt A.S.
Possession,Byatt A.S.
The Children's Book,Byatt A.S.
The Postman Always Rings Twice,Cain James M.
House in the Uplands,Caldwell Erskine
If On a Winter’s Night a Traveler,Calvino Italo
Invisible Cities,Calvino Italo
The Castle of Crossed Destinies,Calvino Italo
The Path to the Nest of Spiders,Calvino Italo
Our Ancestors,Calvino Italo
The Outsider,Camus Albert
The Plague,Camus Albert
The Rebel,Camus Albert
Auto-da-Fé,Canetti Elias
War with the Newts,Capek Karel
Breakfast at Tiffany’s,Capote Truman
In Cold Blood,Capote Truman
Oscar and Lucinda,Carey Peter
Jack Maggs,Carey Peter
Kingdom of This World,Carpentier Alejo
The Lost Steps,Carpentier Alejo
Alice’s Adventures in Wonderland,Carroll Lewis
Through the Looking Glass,Carroll Lewis
Nights at the Circus,Carter Angela
The Passion of New Eve,Carter Angela
Wise Children,Carter Angela
Bebo's Girl,Cassola Carlo
Solitude,Catala Victor
The Professor’s House,Cather Willa
Journey to the Alcarria,Cela Camilo Jose
The Hive,Cela Camilo Jose
Journey to the End of the Night,Céline Louis-Ferdinand
Soldiers of Salamis,Cercas Javier
Don Quixote,Cervantes Saavedra Miguel de
The Travels of Persiles and Sigismunda,Cervantes Saavedra Miguel de
The Amazing Adventures of Kavalier & Clay,Chabon Michael
The Big Sleep,Chandler Raymond
The Long Goodbye,Chandler Raymond
Farewell My Lovely,Chandler Raymond
Wild Swans,Chang Jung
Chaireas and Kallirhoe,Chariton
On the Black Hill,Chatwin Bruce
Monkey: Journey to the West,Cheng'en Wu
The Riddle of the Sands,Childers Erskine
The Taebaek Mountains,Cho Jung Rae
Dangerous Liaisons,Choderlos de Laclos Pierre
The Awakening,Chopin Kate
The Murder of Roger Ackroyd,Christie Agatha
On the Heights of Despair,Cioran Emil
2001: A Space Odyssey,Clarke Arthur C.
The Sorrow of Belgium,Claus Hugo
Fanny Hill,Cleland John
Les Enfants Terribles,Cocteau Jean
What a Carve Up!,Coe Jonathan
The Devil and Miss Prym,Coelho Paulo
Veronika Decides to Die,Coelho Paulo
Disgrace,Coetzee J.M.
Dusklands,Coetzee J.M.
In the Heart of the Country,Coetzee J.M.
The Life and Times of Michael K,Coetzee J.M.
Waiting for the Barbarians,Coetzee J.M.
Elizabeth Costello,Coetzee J.M.
Foe,Coetzee J.M.
Slow Man,Coetzee J.M.
The Master of Petersburg,Coetzee J.M.
Youth,Coetzee J.M.
Belle du Seigneur,Cohen Albert
Claudine's House,Colette
The Moonstone,Collins Wilkie
The Woman in White,Collins Wilkie
Heart of Darkness,Conrad Joseph
Nostromo,Conrad Joseph
The Secret Agent,Conrad Joseph
Lord Jim,Conrad Joseph
The Shadow Line,Conrad Joseph
The Lion of Flanders,Conscience Hendrik
Pricksongs and Descants,Coover Robert
The Public Burning,Coover Robert
Eline Vere,Couperus Louis
Arcadia,Crace Jim
The Enormous Room,Cummings E.E.
The Hours,Cunningham Michael
A Home at the End of the World,Cunningham Michael
The Child of Pleasure,D'Annunzio Gabriele
Disappearance,Dabydeen David
Nervous Conditions,Dangarembga Tsitsi
House of Leaves,Danielewski Mark Z.
Fifth Business,Davies Robertson
The End of the Story,Davis Lydia
On Love,de Botton Alain
Hebdomeros,de Chirico Giorgio de
The Viceroys,De Roberto Federico
Moll Flanders,Defoe Daniel
Robinson Crusoe,Defoe Daniel
Roxana,Defoe Daniel
The Heretic,Delibes Miguel
Mao II,DeLillo Don
Underworld,DeLillo Don
White Noise,DeLillo Don
Libra,DeLillo Don
Ratner’s Star,DeLillo Don
The Body Artist,DeLillo Don
The Names,DeLillo Don
Falling Man,DeLillo Don
Thomas of Reading,Deloney Thomas
Clear Light of Day,Desai Anita
The Inheritance of Loss,Desai Kiran
All About H. Hatterr,Desani G.V.
Small Remedies,Deshpande Shashi
The Conquest of New Spain,Díaz del Castillo Bernal
The Brief Wondrous Life of Oscar Wao,Díaz Junot
Do Androids Dream of Electric Sheep?,Dick Philip K.
Bleak House,Dickens Charles
David Copperfield,Dickens Charles
Great Expectations,Dickens Charles
Oliver Twist,Dickens Charles
A Christmas Carol,Dickens Charles
A Tale of Two Cities,Dickens Charles
Hard Times,Dickens Charles
Martin Chuzzlewit,Dickens Charles
Our Mutual Friend,Dickens Charles
The Life and Adventures of Nicholas Nickleby,Dickens Charles
Jacques the Fatalist,Diderot Denis
Rameau’s Nephew,Diderot Denis
The Nun,Diderot Denis
Democracy,Didion Joan
Play It As It Lays,Didion Joan
The Bitter Glass,Dillon Eilís
Out of Africa,Dinesen Isak
Berlin Alexanderplatz,Döblin Alfred
Ragtime,Doctorow E.L.
The Book of Daniel,Doctorow E.L.
Billy Bathgate,Doctorow E.L.
City of God,Doctorow E.L.
Stone Junction,Dodge Jim
Asphodel,Doolittle Hilda
U.S.A.,Dos Passos John
Manhattan Transfer,Dos Passos John
Crime and Punishment,Dostoevsky Fyodor
Notes from the Underground,Dostoevsky Fyodor
The Devils,Dostoevsky Fyodor
The Idiot,Dostoevsky Fyodor
The Brothers Karamazov,Dostoevsky Fyodor
Fool's Gold,Douka Maro
Uncle Petros and Goldbach's Conjecture,Doxiadis Apostolos
The Adventures of Sherlock Holmes,Doyle Arthur Conan
The Hound of the Baskervilles,Doyle Arthur Conan
The Radiant Way,Drabble Margaret
The Red Queen,Drabble Margaret
As If I Am Not There,Drakulic Slavenka
Sister Carrie,Dreiser Theodore
Rebecca,du Maurier Daphne
The Count of Monte-Cristo,Dumas Alexandre
The Three Musketeers,Dumas Alexandre
La Reine Margot,Dumas Alexandre
Hallucinating Foucault,Duncker Patricia
The Lover,Duras Marguerite
The Ravishing of Lol V. Stein,Duras Marguerite
The Vice-Consul,Duras Marguerite
Justine,Durrell Lawrence
The Judge and His Hangman,Dürrenmatt Friedrich
The Crime of Father Amaro,Eça de Queirós José Maria
A World for Julius,Echenique Alfredo Bryce
Foucault’s Pendulum,Eco Umberto
The Name of the Rose,Eco Umberto
Castle Rackrent,Edgeworth Maria
Ormond,Edgeworth Maria
The Absentee,Edgeworth Maria
A Visit from the Goon Squad,Egan Jennifer
Woman at Point Zero,El Saadawi Nawal
Adam Bede,Eliot George
Middlemarch,Eliot George
Silas Marner,Eliot George
The Mill on the Floss,Eliot George
Daniel Deronda,Eliot George
American Psycho,Ellis Bret Easton
Glamorama,Ellis Bret Easton
Less Than Zero,Ellis Bret Easton
Invisible Man,Ellison Ralph
The Black Dahlia,Ellroy James
Cheese,Elsschot Willem
Deep River,Endo Shusaku
Silence,Endo Shusaku
The Book about Blanche and Marie,Enquist Per Olov
The Gathering,Enright Anne
The Interesting Narrative,Equiano Olaudah
Love Medicine,Erdrich Louise
Moscow Stations,Erofeyev Venedikt
Like Water for Chocolate,Esquivel Laura
Celestial Harmonies,Esterházy Péter
The Virgin Suicides,Eugenides Jeffrey
Middlesex,Eugenides Jeffrey
The Marriage Plot,Eugenides Jeffrey
Under the Skin,Faber Michel
Astradeni,Fakinou Eugenia
The Siege of Krishnapur,Farrell J.G.
The Singapore Grip,Farrell J.G.
Troubles,Farrell J.G.
"Absalom, Absalom!",Faulkner William
"Go Down, Moses",Faulkner William
The Hamlet,Faulkner William
The Sound and the Fury,Faulkner William
Birdsong,Faulks Sebastian
Last of the Mohicans,Fenimore Cooper James
Troubling Love,Ferrante Elena
Joseph Andrews,Fielding Henry
Tom Jones,Fielding Henry
Amelia,Fielding Henry
The Wars,Findley Timothy
Tender is the Night,Fitzgerald F. Scott
The Great Gatsby,Fitzgerald F. Scott
Bouvard and Pécuchet,Flaubert Gustave
Madame Bovary,Flaubert Gustave
Sentimental Education,Flaubert Gustave
The Temptation of Saint Anthony,Flaubert Gustave
Casino Royale,Fleming Ian
Everything is Illuminated,Foer Jonathan Safran
Effi Briest,Fontane Theodor
The Stechlin,Fontane Theodor
Parade’s End,Ford Ford Madox
The Good Soldier,Ford Ford Madox
A Passage to India,Forster E.M.
A Room With a View,Forster E.M.
Howards End,Forster E.M.
Where Angels Fear to Tread,Forster E.M.
The French Lieutenant’s Woman,Fowles John
The Magus,Fowles John
A Maggot,Fowles John
The Collector,Fowles John
Faces in the Water,Frame Janet
Thais,France Anatole
The Blind Side of the Heart,Franck Julia
The Corrections,Franzen Jonathan
Freedom,Franzen Jonathan
Simon and the Oaks,Fredriksson Marianne
Hideous Kinky,Freud Esther
Homo Faber,Frisch Max
I’m Not Stiller,Frisch Max
The Death of Artemio Cruz,Fuentes Carlos
The Recognitions,Gaddis William
The Back Room,Gaite Carmen Martin
Memory of Fire,Galeano Eduardo
Mrs. ‘Arris Goes to Paris,Gallico Paul
The Trick is to Keep Breathing,Galloway Janice
The Forsyte Saga,Galsworthy John
Autumn of the Patriarch,García Márquez Gabriel
Love in the Time of Cholera,García Márquez Gabriel
One Hundred Years of Solitude,García Márquez Gabriel
No One Writes to the Colonel,García Márquez Gabriel
Eclipse of the Crescent Moon,Gardonyi Geza
Thursbitch,Garner Alan
Promise at Dawn,Gary Romain
The Roots of Heaven,Gary Romain
Cranford,Gaskell Elizabeth
North and South,Gaskell Elizabeth
Mary Barton,Gaskell Elizabeth
Legend,Gemmell David
The Triple Mirror of the Self,Ghose Zulfikar
The Shadow Lines,Ghosh Amitav
Cold Comfort Farm,Gibbons Stella
Neuromancer,Gibson William
Fruits of the Earth,Gide André
Strait is the Gate,Gide André
The Counterfeiters,Gide André
The Immoralist,Gide André
New Grub Street,Gissing George
Born in Exile,Gissing George
The Adventures of Caleb Williams,Godwin William
Elective Affinities,Goethe Johann Wolfgang von
The Sorrows of Young Werther,Goethe Johann Wolfgang von
Wilhelm Meister’s Apprenticeship,Goethe Johann Wolfgang von
Dead Souls,Gogol Nikolay
The Nose,Gogol Nikolay
Memoirs of a Geisha,Golden Arthur
Lord of the Flies,Golding William
Rites of Passage,Golding William
The Vicar of Wakefield,Goldsmith Oliver
Ferdydurke,Gombrowicz Witold
Oblomov,Goncharov Ivan
Burger’s Daughter,Gordimer Nadine
July’s People,Gordimer Nadine
Mother,Gorky Maxim
The Artamonov Business,Gorky Maxim
Marks of Identity,Goytisolo Juan
The Opposing Shore,Gracq Julien
Dog Years,Grass Gunter
Cat and Mouse,Grass Günter
The Tin Drum,Grass Günter
Sunset Song,Grassic Gibbon Lewis
Lanark: A Life in Four Books,Gray Alasdair
Back,Green Henry
Blindness,Green Henry
Living,Green Henry
Loving,Green Henry
Caught,Green Henry
Party Going,Green Henry
Brighton Rock,Greene Graham
The End of the Affair,Greene Graham
The Honorary Consul,Greene Graham
The Power and the Glory,Greene Graham
The Quiet American,Greene Graham
England Made Me,Greene Graham
The Heart of the Matter,Greene Graham
The Third Man,Greene Graham
Diary of a Nobody,Grossmith George
Romance of the Three Kingdoms,Guanzhong Luo
Memoirs of Rain,Gupta Sunetra
Dirty Havana Trilogy,Gutierrez Pedro Juan
Forever a Stranger,Haasse Hella
The Curious Incident of the Dog in the Night Time,Haddon Mark
The Well of Loneliness,Hall Radclyffe
The Reluctant Fundamentalist,Hamid Mohsin
Hangover Square,Hamilton Patrick
The Maltese Falcon,Hammett Dashiell
The Thin Man,Hammett Dashiell
The Glass Key,Hammett Dashiell
The Red Harvest,Hammett Dashiell
Growth of the Soil,Hamsun Knut
Hunger,Hamsun Knut
The Afternoon of a Writer,Handke Peter
The Left-Handed Woman,Handke Peter
Goalie’s Anxiety at the Penalty Kick,Handke Peter
The Art of Fielding,Harbach Chad
Far from the Madding Crowd,Hardy Thomas
Jude the Obscure,Hardy Thomas
Tess of the D’Urbervilles,Hardy Thomas
Return of the Native,Hardy Thomas
The Hand of Ethelberta,Hardy Thomas
The Mayor of Casterbridge,Hardy Thomas
The Woodlanders,Hardy Thomas
The Go-Between,Hartley L.P.
The Good Soldier Švejk,Hašek Jaroslav
The House of the Seven Gables,Hawthorne Nathaniel
The Scarlet Letter,Hawthorne Nathaniel
The Blithedale Romance,Hawthorne Nathaniel
The Marble Faun,Hawthorne Nathaniel
Love in Excess,Haywood Eliza
A Question of Power,Head Bessie
The Blind Owl,Hedayat Sadegh
Stranger in a Strange Land,Heinlein Robert
Aithiopika,Heliodorus
Catch-22,Heller Joseph
A Farewell to Arms,Hemingway Ernest
For Whom the Bell Tolls,Hemingway Ernest
The Old Man and the Sea,Hemingway Ernest
The Sun Also Rises,Hemingway Ernest
To Have and Have Not,Hemingway Ernest
Margot and the Angels,Hemmerechts Kristien
Nowhere Man,Hemon Aleksandar
Reasons to Live,Hempel Amy
The First Garden,Herbert Anne
Martin Fierro,Hernandez Jose
Dispatches,Herr Michael
Siddhartha,Hesse Herman
Steppenwolf,Hesse Herman
The Glass Bead Game,Hesse Herman
Rosshalde,Hesse Herman
The Talented Mr. Ripley,Highsmith Patricia
Camera Obscura,Hildebrand
Blind Man With a Pistol,Himes Chester
A Kestrel for a Knave,Hines Barry
The House on the Borderland,Hodgson William Hope
Smilla’s Sense of Snow,Høeg Peter
The Life and Opinions of the Tomcat Murr,Hoffman E.T.A.
The Parable of the Blind,Hofmann Gert
The Private Memoirs and Confessions of a Justified Sinner,Hogg James
Hyperion,Hölderlin Friedrich
The Swimming Pool Library,Hollinghurst Alan
The Folding Star,Hollinghurst Alan
The Line of Beauty,Hollinghurst Alan
The Cathedral,Honchar Oles
Elementary Particles,Houellebecq Michel
Platform,Houellebecq Michel
Whatever,Houellebecq Michel
Closely Watched Trains,Hrabal Bohumil
Les Misérables,Hugo Victor
The Hunchback of Notre Dame,Hugo Victor
Paradise of the Blind,Huong Duong Thu
What I Loved,Hustvedt Siri
Brave New World,Huxley Aldous
Crome Yellow,Huxley Aldous
Eyeless in Gaza,Huxley Aldous
Antic Hay,Huxley Aldous
Against the Grain,Huysmans Joris-Karl
Down There,Huysmans Joris-Karl
Carry Me Down,Hyland M.J.
Three Trapped Tigers,Infante Guillermo Cabrera
A Prayer for Owen Meany,Irving John
The Cider House Rules,Irving John
The World According to Garp,Irving John
Goodbye to Berlin,Isherwood Christopher
The Last of Mr. Norris,Isherwood Christopher
A Pale View of Hills,Ishiguro Kazuo
An Artist of the Floating World,Ishiguro Kazuo
Remains of the Day,Ishiguro Kazuo
The Unconsoled,Ishiguro Kazuo
Never Let Me Go,Ishiguro Kazuo
The Ambassadors,James Henry
The Portrait of a Lady,James Henry
The Wings of the Dove,James Henry
What Maisie Knew,James Henry
The Golden Bowl,James Henry
The Turn of the Screw,James Henry
A Day Off,Jameson Storm
The Summer Book,Jansson Tove
The Piano Teacher,Jelinek Elfriede
Leaden Wings,Jie Zhang
Platero and I,Jiménez Juan Ramón
House Mother Normal,Johnson B.S.
Albert Angelo,Johnson B.S.
Trawl,Johnson B.S.
Rasselas,Johnson Samuel
Jahrestage,Johnson Uwe
In Parenthesis,Jones David
Fear of Flying,Jong Erica
A Portrait of the Artist as a Young Man,Joyce James
Finnegans Wake,Joyce James
Ulysses,Joyce James
The Glass Bees,Junger Ernst
The Storm of Steel,Junger Ernst
Broken April,Kadare Ismail
"Spring Flowers, Spring Frost",Kadare Ismail
The Successor,Kadare Ismail
Amerika,Kafka Franz
The Castle,Kafka Franz
The Trial,Kafka Franz
A Thousand Cranes,Kawabata Yasunari
The Last Temptation of Christ,Kazantzákis Nikos
Zorba the Greek,Kazantzákis Nikos
Measuring the World,Kehlmann Daniel
Green Henry,Keller Gottfried
"How Late It Was, How Late",Kelman James
The Busconductor Hines,Kelman James
A Disaffection,Kelman James
"Kieron Smith, boy",Kelman James
Schindler’s Ark,Keneally Thomas
Looking for the Possible Dance,Kennedy A.L.
Everything You Need,Kennedy A.L.
Confederacy of Dunces,Kennedy Toole John
On the Road,Kerouac Jack
Fateless,Kertész Imre
One Flew Over the Cuckoo’s Nest,Kesey Ken
Sometimes a Great Notion,Kesey Ken
Annie John,Kincaid Jamaica
The Shining,King Stephen
The Water-Babies,Kingsley Charles
The Poisonwood Bible,Kingsolver Barbara
Kim,Kipling Rudyard
"Garden, Ashes",Kis Danilo
"Waiting for the Dark, Waiting for the Light",Klima Ivan
Death in Rome,Koeppen Wolfgang
The Hothouse,Koeppen Wolfgang
The Case Worker,Konrad Gyorgy
A Day in Spring,Kosmac Ciril
Smell of Sadness,Kossmann Alfred
The Fan Man,Kotzwinkle William
The Midnight Examiner,Kotzwinkle William
The Melancholy of Resistance,Krasznahorkai László
The Last Days of Humanity,Kraus Karl
The History of Love,Krauss Nicole
On the Edge of Reason,Krleza Miroslav
The Return of Philip Latinowicz,Krleza Miroslav
Professor Martens' Departure,Kross Jaan
The Book of Laughter and Forgetting,Kundera Milan
The Unbearable Lightness of Being,Kundera Milan
Ignorance,Kundera Milan
The Joke,Kundera Milan
The Buddha of Suburbia,Kureishi Hanif
Gabriel’s Gift,Kureishi Hanif
Intimacy,Kureishi Hanif
Land,Kyung-ni Park
The Princess of Clèves,La Fayette Madame de
Andrea,Laforet Carmen
Barabbas,Lagerkvist Par
Gösta Berling’s Saga,Lagerlöf Selma
The Namesake,Lahiri Jhumpa
Passing,Larsen Nella
Quicksand,Larsen Nella
The Diviners,Laurence Margaret
Maldoror,Lautréaumont Comte de
Lady Chatterley’s Lover,Lawrence D.H.
Sons and Lovers,Lawrence D.H.
The Rainbow,Lawrence D.H.
Women in Love,Lawrence D.H.
Aaron’s Rod,Lawrence D.H.
The Fox,Lawrence D.H.
The Plumed Serpent,Lawrence D.H.
Independent People,Laxness Halldór
The Dark Child,Laye Camara
Smiley’s People,Le Carré John
The Spy Who Came in from the Cold,Le Carré John
Tinker Tailor Soldier Spy,Le Carré John
In a Glass Darkly,Le Fanu Sheridan
Uncle Silas,Le Fanu Sheridan
The Dispossessed,Le Guin Ursula K.
Lost Language of Cranes,Leavitt David
To Kill a Mockingbird,Lee Harper
Cider With Rosie,Lee Laurie
Solaris,Lem Stanislaw
The Female Quixote,Lennox Charlotte
The German Lesson,Lenz Siegfried
Get Shorty,Leonard Elmore
La Brava,Leonard Elmore
City Primeval,Leonard Elmore
A Hero of Our Times,Lermontov Mikhail Yurevich
The Enchanted Wanderer,Leskov Nikolai
The Golden Notebook,Lessing Doris
The Grass is Singing,Lessing Doris
Shikasta,Lessing Doris
The Diary of Jane Somers,Lessing Doris
Christ Stopped at Eboli,Levi Carlo
"If Not Now, When?",Levi Primo
If This Is a Man,Levi Primo
The Drowned and the Saved,Levi Primo
Small Island,Levy Andrea
The Monk,Lewis M.G.
Monica,Lewis Saunders
Babbitt,Lewis Sinclair
Main Street,Lewis Sinclair
Tarr,Lewis Wyndham
The Apes of God,Lewis Wyndham
Self Condemned,Lewis Wyndham
The Childermass,Lewis Wyndham
The Revenge for Love,Lewis Wyndham
A Short History of Tractors in Ukrainian,Lewycka Marina
Pippi Longstocking,Lindgren Astrid
The Unknown Soldier,Linna Vaino
The Hour of the Star,Lispector Clarice
The Passion According to G.H.,Lispector Clarice
The Kindly Ones,Littell Jonathan
The Feast of the Goat,Llosa Mario Vargas
The Time of the Hero,Llosa Mario Vargas
The War of the End of the World,Llosa Mario Vargas
Martin Eden,London Jack
The Iron Heel,London Jack
The Call of the Wild,London Jack
The Twins,Loo Tessa de
At the Mountains of Madness,Lovecraft H.P.
Under the Volcano,Lowry Malcolm
Dark as the Grave Wherein My Friend is Laid,Lowry Malcolm
Euphues: The Anatomy of Wit,Lyly John
Fall on Your Knees,MacDonald Ann-Marie
Dom Casmurro,Machado de Assis Joaquim Maria
The Posthumous Memoirs of Bras Cubas,Machado de Assis Joaquim Maria
Absolute Beginners,MacInnes Colin
The Man of Feeling,Mackenzie Henry
Wild Harbour,MacPherson Ian
Midaq Alley,Mahfouz Naguib
Miramar,Mahfouz Naguib
Remembering Babylon,Malouf David
Man's Fate,Malraux André
Faceless Killers,Mankell Henning
Professor Unrat,Mann Heinrich
Buddenbrooks,Mann Thomas
Death in Venice,Mann Thomas
Doctor Faustus,Mann Thomas
The Magic Mountain,Mann Thomas
Joseph and His Brothers,Mann Thomas
Her Privates We,Manning Frederic
The Garden Party,Mansfield Katherine
Adjunct: An Undigest,Manson Peter
The Betrothed,Manzoni Alessandro
Embers,Marai Sandor
A Heart So White,Marias Javier
All Souls,Marias Javier
Your Face Tomorrow,Marias Javier
The Late-Night News,Markaris Petros
Wittgenstein’s Mistress,Markson David
Vanishing Point,Markson David
Pavel's Letters,Maron Monika
Life of Pi,Martel Yann
Time of Silence,Martín Santos Luis
Santa Evita,Martinez Tomas Eloy
Tirant lo Blanc,Martorell Joanot
The Daughter,Matesis Pavlos
Cigarettes,Mathews Harry
Melmoth the Wanderer,Maturin Charles Robert
The Albigenses,Maturin Charles Robert
Of Human Bondage,Maugham W. Somerset
The Razor’s Edge,Maugham W. Somerset
Cakes and Ale,Maugham W. Somerset
A Woman’s Life,Maupassant Guy de
Bel-Ami,Maupassant Guy de
Pierre and Jean,Maupassant Guy de
Vipers' Tangle,Mauriac Francois
Don’t Move,Mazzantini Margaret
The Butcher Boy,McCabe Patrick
All the Pretty Horses,McCarthy Cormac
Blood Meridian,McCarthy Cormac
"They Shoot Horses, Don’t They?",McCoy Horace
Atonement,McEwan Ian
The Cement Garden,McEwan Ian
Amsterdam,McEwan Ian
Black Dogs,McEwan Ian
Saturday,McEwan Ian
The Child in Time,McEwan Ian
The Comfort of Strangers,McEwan Ian
Enduring Love,McEwan Ian
Amongst Women,McGahern John
That They May Face the Rising Sun,McGahern John
Schooling,McGowan Heather
The Heart of Redness,Mda Zakes
Moby-Dick,Melville Herman
"Billy Budd, Foretopman",Melville Herman
A Light Comedy,Mendoza Eduardo
The Manila Rope,Meri Veijo
Day of the Dolphin,Merle Robert
American Rust,Meyer Philipp
Fugitive Pieces,Michaels Anne
Tropic of Cancer,Miller Henry
Tropic of Capricorn,Miller Henry
The Sea of Fertility,Mishima Yukio
The Sound of Waves,Mishima Yukio
The Romantics,Mishra Pankaj
A Fine Balance,Mistry Rohinton
Family Matters,Mistry Rohinton
Cloud Atlas,Mitchell David
Gone With the Wind,Mitchell Margaret
Love in a Cold Climate,Mitford Nancy
The Pursuit of Love,Mitford Nancy
Crossfire,Miyabe Miyuki
Chaka the Zulu,Mofolo Thomas
Southern Seas,Montalban Manuel Vazquez
Watchmen,Moore Alan
Anagrams,Moore Lorrie
Like Life,Moore Lorrie
A Gate at the Stairs,Moore Lorrie
A Ghost at Noon,Moravia Alberto
Disobedience,Moravia Alberto
The Time of Indifference,Moravia Alberto
Anton Reiser,Moritz Karl Philipp
News from Nowhere,Morris William
Beloved,Morrison Toni
Song of Solomon,Morrison Toni
The Bluest Eye,Morrison Toni
Jazz,Morrison Toni
Sula,Morrison Toni
Down Second Avenue,Mphahlele Es'kia
The Holder of the World,Mukherjee Bharati
The Discovery of Heaven,Mulisch Harry
Max Havelaar,Multatuli
Lives of Girls and Women,Munro Alice
The Beggar Maid,Munro Alice
The Wind-Up Bird Chronicle,Murakami Haruki
After the Quake,Murakami Haruki
Sputnik Sweetheart,Murakami Haruki
Kafka on the Shore,Murakami Haruki
Almost Transparent Blue,Murakami Ryu
A Severed Head,Murdoch Iris
The Bell,Murdoch Iris
"The Sea, The Sea",Murdoch Iris
Under the Net,Murdoch Iris
The Black Prince,Murdoch Iris
The Nice and the Good,Murdoch Iris
Inland,Murnane Gerald
The Man Without Qualities,Musil Robert
Young Törless,Musil Robert
The Adventures and Misadventures of Maqroll,Mutis Alvaro
Ada,Nabokov Vladimir
Lolita,Nabokov Vladimir
Pale Fire,Nabokov Vladimir
Pnin,Nabokov Vladimir
The Water Margin,Nai'an Shi
A Bend in the River,Naipaul V.S.
Enigma of Arrival,Naipaul V.S.
In A Free State,Naipaul V.S.
The Guide,Narayan R.K.
The Unfortunate Traveller,Nashe Thomas
Their Eyes Were Watching God,Neale Hurston Zora
Suite Francaise,Nemirovsky Irene
Delta of Venus,Nin Anaïs
All Souls Day,Nooteboom Cees
Rituals,Nooteboom Cees
Fear and Trembling,Nothomb Amélie
Henry of Ofterdingen,Novalis
Girl With Green Eyes,O'Brien Edna
The Third Policeman,O'Brien Flann
The Country Girls,O’Brien Edna
August is a Wicked Month,O’Brien Edna
In the Forest,O’Brien Edna
At Swim-Two-Birds,O’Brien Flann
The Poor Mouth,O’Brien Flann
The Things They Carried,O’Brien Tim
Everything That Rises Must Converge,O’Connor Flannery
Wise Blood,O’Connor Flannery
The Violent Bear it Away,O’Connor Flannery
The Talk of the Town,O’Hanlon Ardal
"At Swim, Two Boys",O’Neill Jamie
Them,Oates Joyce Carol
Black Water,Oates Joyce Carol
Blonde,Oates Joyce Carol
Marya,Oates Joyce Carol
Pluck the Bud and Destroy the Offspring,Oe Kenzaburo
The English Patient,Ondaatje Michael
The Shipyard,Onetti Juan Carlos
Animal Farm,Orwell George
Keep the Aspidistra Flying,Orwell George
Nineteen Eighty-Four,Orwell George
Burmese Days,Orwell George
Coming Up for Air,Orwell George
Cataract,Osadchyi Mykhailo
Metamorphoses,Ovid
A Tale of Love and Darkness,Oz Amos
Black Box,Oz Amos
Life is a Caravanserai,Özdamar Emine
The Year of the Hare,Paasilinna Arto
Manon des Sources,Pagnol Marcel
Choke,Palahniuk Chuck
The Laws,Palmen Connie
Snow,Pamuk Orhan
Life of Christ,Papini Giovanni
Ballad for Georg Henig,Paskov Viktor
The Ragazzi,Pasolini Pier Paulo
Doctor Zhivago,Pasternak Boris
Marius the Epicurean,Pater Walter
"Cry, the Beloved Country",Paton Alan
The Moon and the Bonfires,Pavese Cesare
The Harvesters,Pavese Cesare
Dictionary of the Khazars,Pavic Milorad
The Labyrinth of Solitude,Paz Octavio
Nineteen Seventy Seven,Peace David
Gormenghast,Peake Mervyn
Titus Groan,Peake Mervyn
The Clay Machine-Gun,Pelevin Victor
The Life of Insects,Pelevin Victor
A Void,Perec Georges
Life: A User’s Manual,Perec Georges
Things: A Story of the Sixties,Perec Georges
"W, or the Memory of Childhood",Perec Georges
A Man Asleep,Perec Georges
Fortunata y Jacinta,Pérez Galdós  Benito
Compassion,Pérez Galdós  Benito
The Dumas Club,Pérez-Reverte Arturo
The Yellow Wallpaper,Perkins Gilman Charlotte
The Book of Disquiet,Pessoa Fernando
Vernon God Little,Pierre DBC
Money to Burn,Piglia Ricardo
"One, No One and One Hundred Thousand",Pirandello Luigi
The Bell Jar,Plath Sylvia
The Trusting and the Maimed,Plunkett James
The Fall of the House of Usher,Poe Edgar Allan
The Pit and the Pendulum,Poe Edgar Allan
The Purloined Letter,Poe Edgar Allan
"Here's to You, Jesusa",Poniatowska Elena
A Dance to the Music of Time,Powell Anthony
Typical,Powell Padgett
The Shipping News,Proulx E. Annie
Remembrance of Things Past,Proust Marcel
Pharoah,Prus Boleslaw
Heartbreak Tango,Puig Manuel
Kiss of the Spider Woman,Puig Manuel
Eugene Onegin,Pushkin Alexander
The Godfather,Puzo Mario
Excellent Women,Pym Barbara
Quartet in Autumn,Pym Barbara
Gravity’s Rainbow,Pynchon Thomas
The Crying of Lot 49,Pynchon Thomas
V.,Pynchon Thomas
Mason & Dixon,Pynchon Thomas
Vineland,Pynchon Thomas
Against the Day,Pynchon Thomas
Exercises in Style,Queneau Raymond
Gargantua and Pantagruel,Rabelais Françoise
The Mysteries of Udolpho,Radcliffe Ann
The Devil in the Flesh,Radiguet Raymond
The Last World,Ransmayr Christoph
The Story of O,Réage Pauline
The Forest of the Hanged,Rebreanu Liviu
All Quiet on the Western Front,Remarque Erich Maria
"Good Morning, Midnight",Rhys Jean
Wide Sargasso Sea,Rhys Jean
Quartet,Rhys Jean
Interview With the Vampire,Rice Anne
Tarzan of the Apes,Rice Burroughs Edgar
Pilgrimage,Richardson Dorothy
Clarissa,Richardson Samuel
Pamela,Richardson Samuel
King Solomon’s Mines,Rider Haggard H.
She,Rider Haggard H.
The Notebooks of Malte Laurids Brigge,Rilke Rainer Maria
Larva: Midsummer Night's Babel,Rios Julian
Jealousy,Robbe-Grillet Alain
Home,Robinson Marilynne
Cost,Robinson Roxana
Amadis of Gaul,Rodríguez de Montalvo Garci
La Celestina,Rojas Fernando de
Hadrian the Seventh,Rolfe Frederick
The Devil to Pay in the Backlands,Rosa Joao Guimaraes
Love’s Work,Rose Gillian
Call it Sleep,Roth Henry
The Radetzky March,Roth Joseph
Portnoy’s Complaint,Roth Philip
The Human Stain,Roth Philip
American Pastoral,Roth Philip
Operation Shylock,Roth Philip
Sabbath’s Theater,Roth Philip
The Breast,Roth Philip
The Plot Against America,Roth Philip
Nemesis,Roth Philip
Confessions,Rousseau Jean-Jacques
"Émile; or, On Education",Rousseau Jean-Jacques
"Julie; or, the New Eloise",Rousseau Jean-Jacques
Reveries of a Solitary Walker,Rousseau Jean-Jacques
Impressions of Africa,Roussel Raymond
Locus Solus,Roussel Raymond
The God of Small Things,Roy Arundhati
The Tin Flute,Roy Gabrielle
The Burning Plain,Rulfo Juan
Midnight’s Children,Rushdie Salman
Shame,Rushdie Salman
The Satanic Verses,Rushdie Salman
Fury,Rushdie Salman
Grimus,Rushdie Salman
The Ground Beneath Her Feet,Rushdie Salman
The Moor’s Last Sigh,Rushdie Salman
The Deadbeats,Ruyslinck Ward
Rashomon,Ryunosuke Akutagawa
Justine,Sade Marquis de
The 120 Days of Sodom,Sade Marquis de
The Witness,Saer Juan Jose
Contact,Sagan Carl
Bonjour Tristesse,Sagan Françoise
The Little Prince,Saint-Exupéry Antoine de
Sandokan: The Tigers of Mompracem,Salgari Emilio
Season of Migration to the North,Salih Tayeb
Franny and Zooey,Salinger J.D.
The Catcher in the Rye,Salinger J.D.
The Devil's Pool,Sand George
Alberta and Jacob,Sandel Cora
Baltasar and Blimunda,Saramago Jose
The History of the Siege of Lisbon,Saramago José
The Year of the Death of Ricardo Reis,Saramago José
The Double,Saramago José
Cain,Saramago Jose 
Facundo,Sarmiento Domingo Faustino
Nausea,Sartre Jean-Paul
Pastoralia,Saunders George
Murder Must Advertise,Sayers Dorothy L.
The Nine Tailors,Sayers Dorothy L.
The Swarm,Schatzing Frank
The Reader,Schlink Bernhard
None but the Brave,Schnitzler Arthur
Memoirs of my Nervous Illness,Schreber Daniel Paul
The Street of Crocodiles,Schulz Bruno
To Each His Own,Sciascia Leonardo
Ivanhoe,Scott Sir Walter
Rob Roy,Scott Sir Walter
The Monastery,Scott Sir Walter
Austerlitz,Sebald W.G.
Vertigo,Sebald W.G.
The Emigrants,Sebald W.G.
The Rings of Saturn,Sebald W.G.
Transit,Seghers Anna
Requiem for a Dream,Selby Jr. Hubert
Great Apes,Self Will
How the Dead Live,Self Will
Death and the Dervish,Selimovic Mesa
The Lonely Londoners,Selvon Sam
God's Bits of Wood,Sembene Ousmane
The Case of Comrade Tulayev,Serge Victor
A Suitable Boy,Seth Vikram
Retreat Without Song,Shahnour Shahan
An Obedient Father,Sharma Akhil
Rickshaw Boy,She Lao
Frankenstein,Shelley Mary
The Stone Diaries,Shields Carol
Unless,Shields Carol
The Tale of Genji,Shikibu Murasaki
A Town Like Alice,Shute Nevil
Quo Vadis,Sienkiewicz Henryk
Saturday Night and Sunday Morning,Sillitoe Chinua
Dining on Stones,Sinclair Iain
Downriver,Sinclair Iain
London Orbital,Sinclair Iain
Life and Death of Harriett Frean,Sinclair May
The Jungle,Sinclair Upton
The Magician of Lublin,Singer Isaac Bashevis
The Manor,Singer Isaac Bashevis
Animal's People,Sinha Indra
The Engineer of Human Souls,Skvorecky Josef
The Forbidden Realm,Slauerhoff Jan Jacob
Islands,Sleigh Dan
The Accidental,Smith Ali
There But For The,Smith Ali
White Teeth,Smith Zadie
On Beauty,Smith Zadie
Humphry Clinker,Smollett Tobias George
Peregrine Pickle,Smollett Tobias George
Roderick Random,Smollett Tobias George
The Port,Šoljan Antun
Cancer Ward,Solzhenitsyn Aleksandr
One Day in the Life of Ivan Denisovich,Solzhenitsyn Aleksandr
The First Circle,Solzhenitsyn Aleksandr
Some Experiences of an Irish R.M.,Somerville and Ross
The Real Charlotte,Somerville and Ross
Lady Number Thirteen,Somoza Jose Carlos
Kokoro,Soseki Natsume
The Girls of Slender Means,Spark Muriel
The Prime of Miss Jean Brodie,Spark Muriel
Memento Mori,Spark Muriel
The Driver’s Seat,Spark Muriel
Mother's Milk,St Aubyn Edward
The Man Who Loved Children,Stead Christina
The Autobiography of Alice B. Toklas,Stein Gertrude
The Making of Americans,Stein Gertrude
Three Lives,Stein Gertrude
Of Mice and Men,Steinbeck John
The Grapes of Wrath,Steinbeck John
Cannery Row,Steinbeck John
The Charterhouse of Parma,Stendhal
The Red and the Black,Stendhal
The Charwoman’s Daughter,Stephens James
Cryptonomicon,Stephenson Neal
A Sentimental Journey,Sterne Laurence
Tristram Shandy,Sterne Laurence
The Strange Case of Dr. Jekyll and Mr. Hyde,Stevenson Robert Louis
Treasure Island,Stevenson Robert Louis
Kidnapped,Stevenson Robert Louis
The Master of Ballantrae,Stevenson Robert Louis
Indian Summer,Stifter Adalbert
Dracula,Stoker Bram
"Couples, Passerby",Strauss Botho
The Young Man,Strauss Botho
By the Open Sea,Strindberg August
The People of Hemsö,Strindberg August
The Red Room,Strindberg August
Perfume,Süskind Patrick
The Pigeon,Süskind Patrick
Zeno’s Conscience,Svevo Italo
As a Man Grows Older,Svevo Italo
Waterland,Swift Graham
The Light of Day,Swift Graham
A Modest Proposal,Swift Jonathan
Gulliver’s Travels,Swift Jonathan
A Tale of a Tub,Swift Jonathan
The Beautiful Mrs Seidenman,Szczypiorski Andrzej
Pereira Declares: A Testimony,Tabucchi Antonio
The Home and the World,Tagore Rabindranath
The Third Wedding,Taktsis Costas
Some Prefer Nettles,Tanizaki Junichiro
The Secret History,Tartt Donna
Blaming,Taylor Elizabeth
Vanity Fair,Thackeray William Makepeace
The Great Indian Novel,Tharoor Shashi
Matigari,Thiong'o Ngugi wa
The River Between,Thiong'o Ngugi wa
Petals of Blood,Thiong'o Ngugi wa
Fear and Loathing in Las Vegas,Thompson Hunter S.
The Killer Inside Me,Thompson Jim
Walden,Thoreau Henry David
Cutter and Bone,Thornburg Newton
The 13 Clocks,Thurber James
The Wonderful “O”,Thurber James
The Invention of Curried Sausage,Timm Uwe
Pallieter,Timmermans Felix
The Master,Tóibín Colm
The Heather Blazing,Tóibín Colm
The Hobbit,Tolkien J.R.R.
The Lord of the Rings,Tolkien J.R.R.
Anna Karenina,Tolstoy Leo
The Death of Ivan Ilyich,Tolstoy Leo
The Kreutzer Sonata,Tolstoy Leo
War and Peace,Tolstoy Leo
The Leopard,Tomasi di Lampedusa Giuseppe
Cane,Toomer Jean
City Sister Silver,Topol Jáchym
The Ogre,Tournier Michael
Summer Will Show,Townsend Warner Sylvia
After the Death of Don Juan,Townsend Warner Sylvia
The Colour,Tremain Rose
The Ragged Trousered Philanthropists,Tressell Robert
Fools of Fortune,Trevor William
The Story of Lucy Gault,Trevor William
Felicia’s Journey,Trevor William
Phineas Finn,Trollope Anthony
The Last Chronicle of Barset,Trollope Anthony
Castle Richmond,Trollope Anthony
He Knew He Was Right,Trollope Anthony
Summer in Baden-Baden,Tsypkin Leonid
The Christmas Oratorio,Tunstrom Goran
Fathers and Sons,Turgenev Ivan
King Lear of the Steppes,Turgenev Ivan
Spring Torrents,Turgenev Ivan
On the Eve,Turgenev Ivan
Virgin Soil,Turgenev Ivan
The Adventures of Huckleberry Finn,Twain Mark
The Museum of Unconditional Surrender,Ugresic Dubravka
Kristin Lavransdatter,Undset Sigrid
Rabbit is Rich,Updike John
Rabbit Redux,Updike John
"Rabbit, Run",Updike John
Pepita Jimenez,Valera Juan
Our Lady of the Assassins,Vallejo Fernando
The Quest,van Eeden Frederik
Ancestral Voices,van Heerden Etienne
The Cubs and Other Stories,Vargas Llosa Mario
Z,Vassilikos Vassilis
The Lusiad,Vaz de Camões Luís
Under the Yoke,Vazov Ivan
The House by the Medlar Tree,Verga Giovanni
Around the World in Eighty Days,Verne Jules
Journey to the Centre of the Earth,Verne Jules
The Birds,Vesaas Tarjei
The Garden Where the Brass Band Played,Vestdijk Simon
Froth on the Daydream,Vian Boris
Myra Breckinridge,Vidal Gore
Bartleby and Co.,Vila-Matas Enrique
Memoirs of a Peasant Boy,Vilas Xose Neira
Conversations In Sicily,Vittorini Elio
In Search of Klingsor,Volpi Jorge
Candide,Voltaire
The Life of a Good-for-Nothing,von Eichendorff Joseph
The Adventurous Simplicissimus,von Grimmelshausen Hans
Michael Kohlhaas,von Kleist Heinrich
Cat's Cradle,Vonnegut Kurt
Slaughterhouse Five,Vonnegut Kurt
Breakfast of Champions,Vonnegut Kurt
"God Bless You, Mr. Rosewater",Vonnegut Kurt
Possessing the Secret of Joy,Walker Alice
The Color Purple,Walker Alice
The Temple of My Familiar,Walker Alice
Infinite Jest,Wallace David Foster
Ben-Hur,Wallace Lew
The Castle of Otranto,Walpole Horace
Halftime,Walser Martin
Morvern Callar,Warner Alan
Indigo,Warner Marina
The House with the Blind Glass Windows,Wassmo Herbjorg
Billy Liar,Waterhouse Keith
Fingersmith,Waters Sarah
Tipping the Velvet,Waters Sarah
Miss Pettigrew Lives for a Day,Watson Winifred
Brideshead Revisited,Waugh Evelyn
Decline and Fall,Waugh Evelyn
A Handful of Dust,Waugh Evelyn
Vile Bodies,Waugh Evelyn
The Graduate,Webb Charles
The New World,Welde Sellase Blattengeta Heruy
The Island of Dr. Moreau,Wells H.G.
The Time Machine,Wells H.G.
The War of the Worlds,Wells H.G.
The Invisible Man,Wells H.G.
Tono-Bungay,Wells H.G.
Trainspotting,Welsh Irvine
The Optimist's Daughter,Welty Eudora
Miss Lonelyhearts,West Nathanael
The Return of the Soldier,West Rebecca
The Thinking Reed,West Rebecca
Harriet Hume,West Rebecca
The Birds Fall Down,West Rebecca
Ethan Frome,Wharton Edith
The Age of Innocence,Wharton Edith
The House of Mirth,Wharton Edith
Bunner Sisters,Wharton Edith
Summer,Wharton Edith
The Glimpses of the Moon,Wharton Edith
A Boy’s Own Story,White Edmund
The Beautiful Room is Empty,White Edmund
The Living and the Dead,White Patrick
Voss,White Patrick
The Tree of Man,White Patrick
The Once and Future King,White T.H.
The Picture of Dorian Gray,Wilde Oscar
Tarka the Otter,Williamson Henry
No Laughing Matter,Wilson Angus
I Thought of Daisy,Wilson Edmund
Sexing the Cherry,Winterson Jeanette
Written on the Body,Winterson Jeanette
Oranges Are Not the Only Fruit,Winterson Jeanette
The Passion,Winterson Jeanette
Insatiability,Witkiewicz Stanislaw Ignacy
"Thank You, Jeeves",Wodehouse P.G.
Patterns of Childhood,Wolf Christa
The Quest for Christa T.,Wolf Christa
"Look Homeward, Angel",Wolfe Thomas
The Bonfire of the Vanities,Wolfe Tom
The Electric Kool-Aid Acid Test,Wolfe Tom
Back to Oegstgeest,Wolkers Jan
Mrs. Dalloway,Woolf Virginia
Orlando,Woolf Virginia
The Waves,Woolf Virginia
To The Lighthouse,Woolf Virginia
Between the Acts,Woolf Virginia
Jacob’s Room,Woolf Virginia
Night and Day,Woolf Virginia
The Voyage Out,Woolf Virginia
The Years,Woolf Virginia
Native Son,Wright Richard
Day of the Triffids,Wyndham John
The Midwich Cuckoos,Wyndham John
Chocky,Wyndham John
Half of Man is Woman,Xianliang Zhang
A Dream of Red Mansions,Xueqin Cao
Kitchen,Yoshimoto Banana
Memoirs of Hadrian,Yourcenar Marguerite
We,Zamyatin Yevgeny
Drunkard,Zola Émile
Germinal,Zola Émile
La Bête Humaine,Zola Émile
Nana,Zola Émile
Thérèse Raquin,Zola Émile
Gimmick!,Zwagerman Joost
The Case of Sergeant Grischa,Zweig Arnold
Amok,Zweig Stefan
Chess Story,Zweig Stefan
